experiment_name,condition,n_debates,mean_strict_tof,mean_strict_nof,mean_polarity_tof,mean_polarity_nof,mean_adversary_strict_tof,mean_adversary_strict_nof,mean_adversary_polarity_tof,mean_adversary_polarity_nof
prompting_usdc_3topics_final_eval_debug,prompting,6,3.0,2.3333333333333335,4.333333333333333,1.0,3.0,1.8333333333333333,5.333333333333333,0.5
rag_usdc_faiss_3topics_final_eval_debug,rag,6,2.6666666666666665,2.5,5.0,0.6666666666666666,3.1666666666666665,1.6666666666666667,5.166666666666667,0.3333333333333333
lora_usdc_3topics_final_eval_debug,lora,6,2.0,3.8333333333333335,3.6666666666666665,1.0,1.8333333333333333,3.1666666666666665,3.6666666666666665,1.1666666666666667
